Workbook

Sheet Summary
A1: KB Retrieval — All Tests Summary & Gate
A3: TEST RESULTS OVERVIEW
A4: Test | B4: Purpose | C4: Queries Run | D4: Top Score | E4: Pass / Fail | F4: Notes
A5: Test 1 — Smoke | B5: Basic retrieval, keyword-aligned query | C5: ='Test1-Smoke'!B6 -> 0 | D5: ='Test1-Smoke'!B8 -> 0 | E5: ='Test1-Smoke'!E14 -> 0
A6: Test 2 — Semantic | B6: Paraphrased query, no exact keyword match | C6: ='Test2-Semantic'!B6 -> 0 | D6: ='Test2-Semantic'!B8 -> 0 | E6: ='Test2-Semantic'!E13 -> 0
A7: Test 3 — Hybrid | B7: Specific term / proper noun retrieval | C7: ='Test3-Hybrid'!B6 -> 0 | D7: ='Test3-Hybrid'!B8 -> 0 | E7: ='Test3-Hybrid'!E12 -> 0
A8: Test 4 — Negative | B8: Out-of-scope query, no false positives | C8: ='Test4-Negative'!B5 -> 0 | D8: ='Test4-Negative'!B7 -> Your Entry | E8: ='Test4-Negative'!E11 -> 0
A9: Test 5 — Chunk Quality | B9: Raw chunk completeness & metadata accuracy | C9: — | D9: — | E9: ='Test5-ChunkQuality'!E14 -> 0
A11: GATE DECISION — All 5 must pass before Agent testing
A12: Gate Status | B12: =IF(AND(ISNUMBER(SEARCH("PASS",E5)),ISNUMBER(SEARCH("PASS",E6)),ISNUMBER(SEARCH("PASS",E7)),ISNUMBER(SEARCH("PASS",E8)),ISNUMBER(SEARCH("PASS",E9))),"✅ ALL TESTS PASS — proceed to Agent testing","❌ NOT ALL TESTS PASS — resolve failures before proceeding") -> ❌ NOT ALL TESTS PASS — resolve failures before proceeding

Sheet Test1-Smoke
A1: Test 1 — Basic Retrieval (Smoke Test)
A3: PURPOSE
A4: Confirm the sync worked and content from the uploaded document is retrievable using a closely-mirrored query.
A6: PREP — Fill in before running
A7: Field | B7: Your Entry | C7: Notes
A8: Document uploaded | C8: Filename + extension e.g. policy_v1.pdf
A9: Known heading or phrase from doc | C9: Copy exact text e.g. "Review Criteria"
A10: Query you will run (close mirror) | C10: Rephrase slightly e.g. "What are the review criteria?"
A12: ⚠ Write down the exact phrase from the document BEFORE querying — otherwise you will unconsciously adjust the query until it works, which defeats the smoke test.
A14: RESULTS LOG — Fill in after running
A15: Field | B15: Your Entry | C15: Pass Threshold | D15: Auto Check | E15: Notes
A16: Query used | C16: —
A17: Number of results returned | C17: ≥ 1 | D17: =IF(AND(ISNUMBER(B17),B17>=1),"✅ PASS","❌ FAIL") -> ❌ FAIL
A18: Top relevance score | C18: > 0.5 | D18: =IF(AND(ISNUMBER(B18),B18>0.5),"✅ PASS","❌ FAIL") -> ❌ FAIL
A19: Source shown (filename / S3 path) | C19: Matches uploaded doc | E19: Verify manually
A20: Chunk preview — first 20 words | C20: — | E20: Paste from KB test panel
A22: Overall Result | B22: =IF(AND(D17="✅ PASS",D18="✅ PASS",D19="✅ PASS"),"✅ ALL PASS — proceed to Test 2","❌ FAIL — investigate before proceeding") -> ❌ FAIL — investigate before proceeding

Sheet Test2-Semantic
A1: Test 2 — Semantic Retrieval
A3: PURPOSE
A4: Confirm embeddings are working by querying with different wording from what's in the document. No exact keyword overlap — must rely on vector similarity.
A6: PREP — Fill in before running
A7: Field | B7: Your Entry | C7: Notes
A8: Key concept from document | C8: The topic you want to test e.g. 'review checklist'
A9: Exact phrase as it appears in doc | C9: e.g. "review checklist"
A10: Paraphrased query (no shared keywords) | C10: e.g. "What steps should be followed when evaluating a submission?"
A12: ⚠ The query must share no significant keywords with the document text — if it does, you are testing keyword matching, not semantic retrieval.
A14: RESULTS LOG — Fill in after running
A15: Field | B15: Your Entry | C15: Pass Threshold | D15: Auto Check | E15: Notes
A16: Query used (paraphrased) | C16: —
A17: Number of results returned | C17: ≥ 1 | D17: =IF(AND(ISNUMBER(B17),B17>=1),"✅ PASS","❌ FAIL") -> ❌ FAIL
A18: Top relevance score | C18: > 0.5 | D18: =IF(AND(ISNUMBER(B18),B18>0.5),"✅ PASS","❌ FAIL") -> ❌ FAIL
A19: Result semantically related to concept? | C19: Yes — manual check
A20: Score vs Test 1 (no major drop-off?) | C20: Within ~0.2 of Test 1
A22: Overall Result | B22: =IF(AND(D17="✅ PASS",D18="✅ PASS",D19="✅ PASS",D20="✅ PASS"),"✅ ALL PASS — proceed to Test 3","❌ FAIL — check embedding quality") -> ❌ FAIL — check embedding quality

Sheet Test3-Hybrid
A1: Test 3 — Hybrid Search Validation
A3: PURPOSE
A4: Confirm hybrid mode (VECTOR + KEYWORD) surfaces specific terms and proper nouns that pure semantic search might miss. KB is configured with overrideSearchType: HYBRID.
A6: PREP — Fill in before running
A7: Field | B7: Your Entry | C7: Notes
A8: Specific term / acronym / proper noun in doc | C8: Must be a literal string e.g. 'HIPAA', 'SOC2', a system name
A9: Query you will run | C9: e.g. "What does HIPAA refer to?" or just the term itself
A11: ⚠ The whole point of hybrid mode is catching exact-match terms that pure vector search might score too low. If this test fails, the keyword component may not be active.
A13: RESULTS LOG — Fill in after running
A14: Field | B14: Your Entry | C14: Pass Threshold | D14: Auto Check | E14: Notes
A15: Query used | C15: —
A16: Number of results returned | C16: ≥ 1 | D16: =IF(AND(ISNUMBER(B16),B16>=1),"✅ PASS","❌ FAIL") -> ❌ FAIL
A17: Top relevance score | C17: > 0.5 | D17: =IF(AND(ISNUMBER(B17),B17>0.5),"✅ PASS","❌ FAIL") -> ❌ FAIL
A18: Exact term found in returned chunk? | C18: Yes — literal match
A19: Result is not just a semantic approximation? | C19: Yes — manual check
A21: Overall Result | B21: =IF(AND(D16="✅ PASS",D17="✅ PASS",D18="✅ PASS",D19="✅ PASS"),"✅ ALL PASS — proceed to Test 4","❌ FAIL — check hybrid config in KB") -> ❌ FAIL — check hybrid config in KB

Sheet Test4-Negative
A1: Test 4 — Negative Test (Hallucination Boundary)
A3: PURPOSE
A4: Confirm the KB does not over-retrieve on out-of-scope queries. No results or very low scores expected. This validates the KB will not feed irrelevant content to the Agent.
A6: PREP — Fill in before running
A7: Field | B7: Your Entry | C7: Notes
A8: Out-of-scope query (topic NOT in document) | C8: e.g. "What is the AWS Lambda pricing for us-east-1?" — something completely unrelated to your doc
A10: ⚠ Choose a query that is clearly unrelated to your document content. Avoid anything that could be loosely related — you need a clean negative signal.
A12: RESULTS LOG — Fill in after running
A13: Field | B13: Your Entry | C13: Pass Threshold | D13: Auto Check | E13: Notes
A14: Query used | C14: —
A15: Number of results returned | C15: 0 preferred
A16: Top relevance score (if any result) | C16: < 0.3 | D16: =IF(OR(B16="",AND(ISNUMBER(B16),B16<0.3)),"✅ PASS","❌ FAIL") -> ✅ PASS
A17: Could any result mislead the Agent? | C17: No
A19: Overall Result | B19: =IF(AND(D16="✅ PASS",D17="✅ PASS"),"✅ ALL PASS — proceed to Test 5","❌ FAIL — KB may be over-retrieving, check chunk boundaries") -> ❌ FAIL — KB may be over-retrieving, check chunk boundaries

Sheet Test5-ChunkQuality
A1: Test 5 — Chunk Quality Inspection
A3: PURPOSE
A4: Manually inspect the raw chunk returned in Test 1 to assess chunking quality. Poor chunking (truncated sentences, oversized chunks) degrades Agent answer quality downstream.
A6: HOW TO GET THE RAW CHUNK
A7: In the KB test panel: run the Test 1 query → expand the result → copy the full chunk text into the cell below.
A8: Raw chunk text (paste here)
A10: CHECKLIST — Mark ✅ PASS or ❌ FAIL in column D
A11: Check | B11: What to look for | C11: Notes | D11: Pass / Fail
A12: Chunk is not truncated mid-sentence | B12: Read the start and end of the chunk — both should be complete sentences. | C12: If it ends with '...' or cuts off mid-word: FAIL
A13: Chunk contains a coherent single topic | B13: The chunk should cover one concept, not jump between unrelated sections. | C13: Oversized chunks that cover multiple topics reduce retrieval precision
A14: Chunk is not too large (bloated) | B14: Rough guide: < 500 words. If much larger, fixed-size chunking may need tuning. | C14: Log word count if over 500
A15: Metadata — document title is correct | B15: Source attribution should show the correct document name.
A16: Metadata — S3 path or source URL is correct | B16: Check the source URI shown in the KB result matches your upload.
A18: ⚠ If chunks look poor (truncated, too large, wrong metadata): raise a follow-up task to adjust chunking strategy from fixed-size to semantic before Agent testing.
A20: CHUNKING FOLLOW-UP (only if chunks fail)
A21: Issue Observed | B21: Recommended Action | C21: Ticket Raised?
A22: Truncated mid-sentence | B22: Switch to semantic chunking in KB settings
A23: Chunk too large / multiple topics | B23: Reduce max chunk size (default 300 tokens → try 150)
A24: Wrong metadata | B24: Re-sync the KB and check data source config
A26: Overall Result | B26: =IF(AND(D12="✅ PASS",D13="✅ PASS",D14="✅ PASS",D15="✅ PASS",D16="✅ PASS"),"✅ ALL PASS — retrieval validated, proceed to Agent testing","❌ FAIL — address chunk issues before Agent testing") -> ❌ FAIL — address chunk issues before Agent testing
