Workbook

Sheet Test Results
A1: Nova Pro — Bedrock Chat UI | 20-Question Baseline Evaluation
A2: # | B2: Category | C2: Article / Topic | D2: Question | E2: Ground Truth | F2: Retrieval Context | G2: Nova Pro Response | H2: Correct Refusal? (unans only) | I2: Factual Accuracy (1–5) | J2: Completeness (1–5) | K2: Hallucination Risk | L2: Tone & Format (1–5) | M2: ROUGE-L (optional) | N2: Overall Score | O2: Pass/Fail | P2: Notes
A3: 1 | B3: SHORT | C3: Institute of technology | D3: In addition to technology, Fachhochschulen offer courses in social science, medicine, design, and what other discipline? | E3: business | F3: Fachhochschulen were first founded in the early 1970s. They do not focus exclusively on technology, but may also offer courses in social science, medicine, business and design. They grant bachelor's degrees and master's degrees, and focus more on teaching than research and more on specific professio… | N3: =IFERROR(AVERAGE(I3,J3,L3),"")
A4: 2 | B4: UNANSWERABLE | C4: Royal Institute of British Architects | D4: What abbreviation can no longer be used by Fellows of the Royal Institute with their names? | E4: — (unanswerable) | F4: The RIBA is a member organisation, with 44,000 members. Chartered Members are entitled to call themselves chartered architects and to append the post-nominals RIBA after their name; Student Members are not permitted to do so. Formerly, fellowships of the institute were granted, although no longer; t… | N4: =IFERROR(AVERAGE(I4,J4,L4),"")
A5: 3 | B5: UNANSWERABLE | C5: Federal Aviation Administration | D5: What was the act that phased out airline deregulation? | E5: — (unanswerable) | F5: By the mid-1970s, the agency had achieved a semi-automated air traffic control system using both radar and computer technology. This system required enhancement to keep pace with air traffic growth, however, especially after the Airline Deregulation Act of 1978 phased out the CAB's economic regulati… | N5: =IFERROR(AVERAGE(I5,J5,L5),"")
A6: 4 | B6: SHORT | C6: Heresy | D6: What is the study of heresy? | E6: Heresiology | F6: The term heresy is from Greek αἵρεσις originally meant "choice" or "thing chosen", but it came to mean the "party or school of a man's choice" and also referred to that process whereby a young person would examine various philosophies to determine how to live. The word "heresy" is usually used withi… | N6: =IFERROR(AVERAGE(I6,J6,L6),"")
A7: 5 | B7: MEDIUM | C7: Plymouth | D7: What institution of higher education is colloquially known as Marjons? | E7: The University of St Mark & St John | F7: The University of St Mark & St John (known as "Marjon" or "Marjons") specialises in teacher training, and offers training across the country and abroad. | N7: =IFERROR(AVERAGE(I7,J7,L7),"")
A8: 6 | B8: MEDIUM | C8: Institute of technology | D8: What Irish institute of technology evolved independently of the Regional Technical College System? | E8: Dublin Institute of Technology | F8: Dublin Institute of Technology developed separately from the Regional Technical College system, and after several decades of association with the University of Dublin, Trinity College it acquired the authority to confer its own degrees. | N8: =IFERROR(AVERAGE(I8,J8,L8),"")
A9: 7 | B9: LONG | C9: Prime minister | D9: From where is the Irish prime minister usually selected? | E9: the political party that commands majority of seats in the lower house of parliament | F9: Some states, however, do have a term of office of the prime minister linked to the period in office of the parliament. Hence the Irish Taoiseach is formally 'renominated' after every general election. (Some constitutional experts have questioned whether this process is actually in keeping with the p… | N9: =IFERROR(AVERAGE(I9,J9,L9),"")
A10: 8 | B10: SHORT | C10: Plymouth | D10: Of what university is the Roland Levinsky building a part? | E10: University of Plymouth | F10: The Roland Levinsky building, the landmark building of the University of Plymouth, is located in the city's central quarter. Designed by leading architect Henning Larsen, the building was opened in 2008 and houses the University's Arts faculty. It has been consistently considered one of the UK's mos… | N10: =IFERROR(AVERAGE(I10,J10,L10),"")
A11: 9 | B11: UNANSWERABLE | C11: Beer | D11: What was the abv of Utopias that was brewed in Britain? | E11: — (unanswerable) | F11: The strength of beers has climbed during the later years of the 20th century. Vetter 33, a 10.5% abv (33 degrees Plato, hence Vetter "33") doppelbock, was listed in the 1994 Guinness Book of World Records as the strongest beer at that time, though Samichlaus, by the Swiss brewer Hürlimann, had also … | N11: =IFERROR(AVERAGE(I11,J11,L11),"")
A12: 10 | B12: UNANSWERABLE | C12: Aircraft carrier | D12: Which other carrier joins the USS America in unactive service? | E12: — (unanswerable) | F12: With the deactivation of USS Enterprise in December 2012, the U.S. fleet comprises 10 supercarriers. The House Armed Services Seapower subcommittee on 24 July 2007, recommended seven or maybe eight new carriers (one every four years). However, the debate has deepened over budgeting for the $12–14.5 … | N12: =IFERROR(AVERAGE(I12,J12,L12),"")
A13: 11 | B13: LONG | C13: Architecture | D13: What aspects of a building were considered part of the larger concept of function? | E13: all criteria of the use, perception and enjoyment of a building | F13: While the notion that structural and aesthetic considerations should be entirely subject to functionality was met with both popularity and skepticism, it had the effect of introducing the concept of "function" in place of Vitruvius' "utility". "Function" came to be seen as encompassing all criteria … | N13: =IFERROR(AVERAGE(I13,J13,L13),"")
A14: 12 | B14: SHORT | C14: Genome | D14: What is the content of the human genome? | E14: DNA | F14: In modern molecular biology and genetics, the genome is the genetic material of an organism. It consists of DNA (or RNA in RNA viruses). The genome includes both the genes and the non-coding sequences of the DNA/RNA. | N14: =IFERROR(AVERAGE(I14,J14,L14),"")
... A22: 20 | B22: MEDIUM | C22: Heresy | D22: What is heresy mainly at odds with? | E22: established beliefs or customs | F22: Heresy is any provocative belief or theory that is strongly at variance with established beliefs or customs. A heretic is a proponent of such claims or beliefs. Heresy is distinct from both apostasy, which is the explicit renunciation of one's religion, principles or cause, and blasphemy, which is a… | N22: =IFERROR(AVERAGE(I22,J22,L22),"")

Sheet Summary Dashboard
A1: Evaluation Summary — Nova Pro Baseline (20Q)
A3: OVERALL
A4: Total Questions | B4: =COUNTA('Test Results'!A3:A22)
A5: Answered | B5: =COUNTA('Test Results'!G3:G22)
A6: Pass | B6: =COUNTIF('Test Results'!O3:O22,"Pass")
A7: Fail | B7: =COUNTIF('Test Results'!O3:O22,"Fail")
A8: Partial | B8: =COUNTIF('Test Results'!O3:O22,"Partial")
A9: Pass Rate | B9: =IFERROR(COUNTIF('Test Results'!O3:O22,"Pass")/COUNTA('Test Results'!O3:O22),"")
A10: Avg Factual Accuracy | B10: =IFERROR(AVERAGEIF('Test Results'!I3:I22,">0"),"")
A11: Avg Overall Score | B11: =IFERROR(AVERAGEIF('Test Results'!N3:N22,">0"),"")
A12: HALLUCINATION
A13: Unanswerable Qs | B13: =COUNTIF('Test Results'!B3:B22,"UNANSWERABLE")
A14: Correct Refusals | B14: =COUNTIFS('Test Results'!B3:B22,"UNANSWERABLE",'Test Results'!H3:H22,"Yes")
A15: Refusal Rate | B15: =IFERROR(COUNTIFS('Test Results'!B3:B22,"UNANSWERABLE",'Test Results'!H3:H22,"Yes")/COUNTIF('Test Results'!B3:B22,"UNANSWERABLE"),"")
A16: Hallucination Rate | B16: =IFERROR(COUNTIFS('Test Results'!B3:B22,"UNANSWERABLE",'Test Results'!H3:H22,"No")/COUNTIF('Test Results'!B3:B22,"UNANSWERABLE"),"")
A17: High Risk Count | B17: =COUNTIF('Test Results'!K3:K22,"high")
A18: BY CATEGORY
A19: Short — Avg Score | B19: =IFERROR(AVERAGEIF('Test Results'!B3:B22,"SHORT",'Test Results'!N3:N22),"")
A20: Medium — Avg Score | B20: =IFERROR(AVERAGEIF('Test Results'!B3:B22,"MEDIUM",'Test Results'!N3:N22),"")
A21: Long — Avg Score | B21: =IFERROR(AVERAGEIF('Test Results'!B3:B22,"LONG",'Test Results'!N3:N22),"")
A22: Unanswerable Pass Rate | B22: =IFERROR(COUNTIFS('Test Results'!B3:B22,"UNANSWERABLE",'Test Results'!O3:O22,"Pass")/COUNTIF('Test Results'!B3:B22,"UNANSWERABLE"),"")

Sheet Pass Thresholds
A1: Target Thresholds — Before Moving to Letter Generation Test
A2: Metric | B2: Minimum | C2: Target | D2: Interpretation
A3: Pass Rate | B3: ≥ 65% | C3: ≥ 80% | D3: Overall ability to follow grounded instructions
A4: Avg Overall Score | B4: ≥ 3.0 | C4: ≥ 4.0 | D4: Quality of answers across short/medium/long
A5: Refusal Rate (unans.) | B5: ≥ 70% | C5: ≥ 85% | D5: Model refuses when answer is not in context
A6: Hallucination Rate | B6: < 20% | C6: < 10% | D6: Model invents answers — critical failure signal
A7: High Risk Count | B7: ≤ 2 | C7: 0 | D7: Any high-risk response needs prompt investigation
A8: Avg Factual Accuracy | B8: ≥ 3.0 | C8: ≥ 4.0 | D8: Correctness of extracted answers vs ground truth
